Label,# Samples,Average,Median,70% Line,80% Line,90% Line,Min,Max,Error %,Throughput,Received KB/sec,Sent KB/sec
Create,3000,2119,571,931,3814,6362,535,17272,0.000%,1.63267,0.37,0.98
Update,3000,388,258,495,506,654,248,1916,0.000%,1.63684,0.24,1.04
Delete,3000,551,508,517,559,827,256,2125,0.000%,1.63667,0.24,0.58
TOTAL,9000,1019,515,563,680,1235,248,17272,0.000%,4.88760,0.85,2.58
