Label,# Samples,Average,Median,70% Line,80% Line,90% Line,Min,Max,Error %,Throughput,Received KB/sec,Sent KB/sec
Create,3000,131,92,126,149,214,44,3128,0.000%,3.09596,0.70,1.89
Update,3000,26,16,28,37,50,11,2117,0.000%,3.09846,0.46,2.00
Delete,3000,48,34,53,66,84,17,1110,0.000%,3.09819,0.46,1.12
TOTAL,9000,68,46,69,91,129,11,3128,0.000%,9.26745,1.62,4.99
